<?xml version="1.0" encoding="UTF-8"?>
<project-private xmlns="http://www.netbeans.org/ns/project-private/1">
    <editor-bookmarks xmlns="http://www.netbeans.org/ns/editor-bookmarks/2" lastBookmarkId="0"/>
    <open-files xmlns="http://www.netbeans.org/ns/projectui-open-files/2">
        <group>
            <file>file:/C:/Users/Khush/Documents/NetBeansProjects/Web%20App/src/java/User.java</file>
            <file>file:/C:/Users/Khush/Documents/NetBeansProjects/Web%20App/web/response.xhtml</file>
            <file>file:/C:/Users/Khush/Documents/NetBeansProjects/Web%20App/web/index.xhtml</file>
        </group>
    </open-files>
</project-private>
